Richard Branson,DAABCgABF6R8vxD__XsKAAIWCVarvRcQAAgAAwAAAAIAAA
Rafael Nadal,DAABCgABF6SBg6H__bEKAAINVcJtt1eQAQgAAwAAAAIAAA
Lebron James,DAABCgABF6SGl8O__XgKAAIUxOEXiNewCggAAwAAAAIAAA
Spencer Rascoff,DAABCgABF6SLrLb__YQKAAIVkrd8XtSwAAgAAwAAAAIAAA
Richard Branson,DAABCgABF6R8vxD__GUKAAIVT7ZS31ZQAwgAAwAAAAIAAA
Rafael Nadal,DAABCgABF6SBg6H__LsKAAILypqMeleQAQgAAwAAAAIAAA
Lebron James,DAABCgABF6SGl8O__IAKAAIT_urVn1VQBQgAAwAAAAIAAA
Spencer Rascoff,DAABCgABF6SLrLb_-_EKAAIUauBObxZgAQgAAwAAAAIAAA
Richard Branson,DAABCgABF6R8vxD__CkKAAIVT7ZS31ZQAwgAAwAAAAIAAA
Lebron James,DAABCgABF6SGl8O__FgKAAIT_urVn1VQBQgAAwAAAAIAAA
Lebron James,DAABCgABF6SGl8O__FgKAAIT_urVn1VQBQgAAwAAAAIAAA
Spencer Rascoff,DAABCgABF6SLrLb_-7UKAAIUauBObxZgAQgAAwAAAAIAAA
Spencer Rascoff,DAABCgABF6SLrLb_-5cKAAIUauBObxZgAQgAAwAAAAIAAA
Spencer Rascoff,DAABCgABF6SLrLb_-5cKAAIUauBObxZgAQgAAwAAAAIAAA
Spencer Rascoff,DAABCgABF6SLrLb_-6YKAAIUauBObxZgAQgAAwAAAAIAAA
Spencer Rascoff,DAABCgABF6SLrLb_-6YKAAIUauBObxZgAQgAAwAAAAIAAA
Lebron James,DAABCgABF6SGl8O__HYKAAIT_urVn1VQBQgAAwAAAAIAAA
Lebron James,DAABCgABF6SGl8O__GwKAAIT_urVn1VQBQgAAwAAAAIAAA
Lebron James,DAABCgABF6SGl8O__GwKAAIT_urVn1VQBQgAAwAAAAIAAA
Lebron James,DAABCgABF6SGl8O__GIKAAIT_urVn1VQBQgAAwAAAAIAAA
Richard Branson,DAABCgABF6R8vxD__FsKAAIVT7ZS31ZQAwgAAwAAAAIAAA
Richard Branson,DAABCgABF6R8vxD__FsKAAIVT7ZS31ZQAwgAAwAAAAIAAA
Richard Branson,DAABCgABF6R8vxD__FsKAAIVT7ZS31ZQAwgAAwAAAAIAAA
Richard Branson,DAABCgABF6R8vxD__FEKAAIVT7ZS31ZQAwgAAwAAAAIAAA
